{
  "cadastros": [
    {
      "nome": "murilo",
      "dataEntrada": "2024-06-18",
      "observacoes": "aaa",
      "email": "murilo@gmail.com",
      "dataSaida": "2024-06-24",
      "numeroAdultos": 5,
      "numeroCriancas": 2,
      "id": "928c"
    },
    {
      "nome": "Marcio",
      "dataEntrada": "2024-06-18",
      "observacoes": "Salve meus Manos como vai",
      "email": "marcoso@gmail.com",
      "dataSaida": "2024-06-24",
      "numeroAdultos": 5,
      "numeroCriancas": 2,
      "id": "f94d"
    },
    {
      "id": "103e",
      "nome": "Como",
      "dataEntrada": "2024-06-21",
      "observacoes": "f",
      "email": "Fazisso@gmail.com",
      "dataSaida": "2024-06-23",
      "numeroAdultos": "2",
      "numeroCriancas": "2"
    },
    {
      "id": "0587",
      "nome": "Acho",
      "dataEntrada": "2024-06-21",
      "observacoes": "fiz",
      "email": "q@gmail.com",
      "dataSaida": "2024-06-23",
      "numeroAdultos": "4",
      "numeroCriancas": "3"
    }
  ]
}